,BTC_Close,ETH_Close,SOL_Close,DOGE_Close,XRP_Close
BTC_Close,1.0,0.6510352753311001,0.8200451685558936,0.5884604915549151,0.8714220512199037
ETH_Close,0.6510352753311001,1.0,0.8299634877034948,0.6649308964852734,0.5090500501872031
SOL_Close,0.8200451685558936,0.8299634877034948,1.0,0.5952862935992768,0.6372999879195875
DOGE_Close,0.5884604915549151,0.6649308964852734,0.5952862935992768,1.0,0.6344991800136831
XRP_Close,0.8714220512199037,0.5090500501872031,0.6372999879195875,0.6344991800136831,1.0
