model,accuracy,precision,recall,f1
Random Forest,0.39,0.27836666666666665,0.39,0.2971448275862069
XGBoost,0.38,0.2972927536231884,0.38,0.3095994694960212
