Validation,Mean_R2,Std_R2
Train/Test Split,0.5300046962199776,0.0
Time Series CV,-0.5087615503685203,1.7907636537951226
Walk-Forward,-2.835057383486687,4.917508230276689
