Validation,Mean_R2,Std_R2
Train/Test Split,0.7168445307992848,0.0
Time Series CV,-1.8367805565303812,2.880776814830747
Walk-Forward,-3.301679750840373,9.806127239706566
