Model,Train R²,Test R²,Train RMSE,Test RMSE,Test MAE,Pred Mean,Pred Range,Direction Acc,Extrapolates
ElasticNet,0.9594516320848961,0.8197777419403713,2906.1947533966645,8710.126845755298,6490.292803941623,91854.35566007893,$54180-$149332,0.5339805825242718,True
Ridge,0.9852279462792651,0.03672051531982501,1754.1166237170805,20137.07658738959,16043.499447013539,103959.07511173647,$52378-$167125,0.5184466019417475,True
Lasso,0.9863350932797935,-0.09560485800163554,1687.1020802319117,21475.69566738648,17206.397841484224,105207.69164679218,$52917-$166359,0.5184466019417475,True
Linear Regression,0.9874349565252899,-0.2539831972312101,1617.7820893545784,22975.561022736096,18355.00132600417,106090.74213008452,$51719-$171376,0.5184466019417475,True
Random Forest,0.989064389871556,-3.179281318311558,1509.2442657950448,41944.118252241395,36858.12421173802,52190.97375701772,$44542-$64480,0.49320388349514566,False
XGBoost,0.9998846716599792,-3.0423946669151496,154.99084489377705,41251.48834582778,35204.664558114084,53808.74609375,$44729-$67097,0.5009708737864078,False
Gradient Boosting,0.9991488454504566,-2.6601487452846992,421.05830478322184,39252.708926190215,33304.25214935112,55860.58031018618,$47157-$66711,0.5009708737864078,False
