Model,Train R²,Test R²,Train RMSE,Test RMSE,Test MAE,Direction Acc
ElasticNet,0.9756512897382426,0.8978328902830949,2252.039512854423,6558.066558100255,4877.147791350241,0.5339805825242718
Ridge,0.9907439405890117,0.2182112413857129,1388.5166503785092,18141.15679585828,15315.607808457307,0.5145631067961165
Lasso,0.9910002774157137,0.09128721554909436,1369.154904548463,19558.411774156815,16547.544578505134,0.5223300970873787
Linear Regression,0.9916864856382999,-2.2588508008370915e+22,1315.9226157738378,3083642619241083.5,1191106273566028.8,0.5300970873786408
Random Forest,0.9913212328988104,-3.5928365930022803,1344.519304621429,43970.43512265616,38226.313921631896,0.49320388349514566
XGBoost,0.9998976530323652,-2.7261649901893725,146.00761774541837,39605.117566052104,33287.72520739078,0.5009708737864078
Gradient Boosting,0.9992629966495525,-3.0203309496293915,391.80751015923823,41138.757330450484,35402.81339523094,0.4970873786407767
LightGBM,0.9988825626139811,-2.8539088929856544,482.44701525710775,40278.286629701215,34542.89471704509,0.4912621359223301
