Method,Train R²,Test R²,Test RMSE,Test MAE,Mean Pred
Baseline (No Norm),0.9914071577405282,-3.018824409684627,41131.048638150845,36158.18774606432,52865.04109882086
Z-score,0.9914127722529575,-3.0227325048323594,41151.0426681742,36177.50582055241,52845.702175976796
Log Transform,0.9910916971251331,-3.047939849256304,41279.772154189006,36922.24564919654,52031.224034068306
Min-Max,0.9914393585060206,-3.0107727652490777,41089.82531186085,36171.20096896347,52845.48267214136
Robust Scaler,0.9914082606362777,-3.0239880315607124,41157.463950620404,36175.92496144786,52846.21726140326
