model,r2,rmse,mae
Random Forest,-0.1042794876360098,3.467095152647024,2.6581409905622833
XGBoost,-0.3138574010919555,3.781815819508104,2.9915600095717303
