,TO_Pre,TO_Post,FROM_Pre,FROM_Post,NET_Pre,NET_Post
Close,0.3365524206167082,0.26767176966851214,0.02166915658310553,0.018839885024665937,0.3148832640336027,0.2488318846438462
SPX,1.3876432814277044,2.0622585463785104,0.09790518844492413,0.07413184218758329,1.2897380929827804,1.9881267041909272
QQQ,0.01288629437803726,0.0763073078455969,0.8366664523846806,0.9663175661222174,-0.8237801580066434,-0.8900102582766205
VIX,0.03786842311756344,0.057962387385342706,0.38716025996272885,0.6590235064639183,-0.3492918368451654,-0.6010611190785755
GOLD,0.13292817145522318,0.13010244642230384,0.06446258681066597,0.24737631512132818,0.06846558464455721,-0.11727386869902434
TLT,0.04104874749313259,0.05711703654907674,0.20067047548242922,0.3038436885388851,-0.15962172798929664,-0.24672665198980837
DXY,0.0004527481679417189,0.02247766274164742,0.34084596698777636,0.40436435353239175,-0.34039321881983464,-0.38188669079074433
