,Pre_ETF,Post_ETF,Change
Close,0.9783308434168941,0.9811601149753341,0.0028292715584399275
SPX,0.008752999271145156,0.008691809165123765,-6.119010602139048e-05
GOLD,0.002632392191059073,0.0039205447895219216,0.0012881525984628486
DXY,0.00011739548953310367,0.0035511019103441222,0.0034337064208110188
VIX,0.00017756162773713272,0.0017863541904332792,0.0016087925626961464
QQQ,4.648361808121054e-06,0.0005874854892974213,0.0005828371274893003
TLT,0.009984159641823026,0.0003025894799453285,-0.009681570161877697
